DELETE FROM LANGUAGE;
insert into LANGUAGE (id, name) values (1, 'English');
insert into LANGUAGE (id, name) values (2, 'Tamil');
insert into LANGUAGE (id, name) values (3, 'Telugu');
insert into LANGUAGE (id, name) values (4, 'Malayalam');
insert into LANGUAGE (id, name) values (5, 'Kannada');
insert into LANGUAGE (id, name) values (6, 'Hindi');

DELETE from SHOW;
DELETE from MOVIE;

insert into MOVIE (id,name, experiences, listing_type, lang, image_name, stills, synopsis) values (1,'Kabali', 'RDX, Dolby Atmos, SUB', 'NOW_SHOWING',2,'kabali','kabali_1,kabali_2','A man attempts to protect his family from enemies, gained in his time as a gangster. After he is released from prison on false charges, he resumes his post as gang leader and continues a long-held rivalry.');
insert into MOVIE (id,name, experiences, listing_type, lang, image_name, stills, synopsis) values (2,'Theri', 'RDX, Dolby Atmos, SUB', 'NOW_SHOWING',6,'theri','theri_1,theri_2','Concealing his identity, DCP Vijaya Kumar goes into self-inflicted exile to bring up his daughter. However, when her life is threatened by gangsters, he must settle an old score with a politician.');
insert into MOVIE (id,name, experiences, listing_type, lang, image_name, stills, synopsis) values (3,'Banjo', 'RDX 3D', 'NOW_SHOWING',6,'banjo','banjo_1,banjo_2','Taraat, a banjoist hailing from a poor background, and his associates get the offer of a lifetime when they are approached by Christina, a musician from the US.');
insert into MOVIE (id,name, experiences, listing_type, lang, image_name, stills, synopsis) values (4,'Suicide Squad', 'Dolby Atmos, RDX 3D, SUB', 'NOW_SHOWING',1,'suicide-squad','suicide-squad_1,suicide-squad_2','Figuring they are all expendable, a U.S. intelligence officer decides to assemble a team of dangerous, incarcerated supervillains for a top-secret mission. Now armed with government weapons, Deadshot (Will Smith), Harley Quinn (Margot Robbie), Captain Boomerang, Killer Croc and other despicable inmates must learn to work together. Dubbed Task Force X, the criminals unite to battle a mysterious and powerful entity, while the diabolical Joker (Jared Leto) launches an evil agenda of his own.');
insert into MOVIE (id,name, experiences, listing_type, lang, image_name, stills, synopsis) values (5,'Namadhu', 'RDX, SUB', 'NOW_SHOWING',2,'namadhu','namadhu_1,namadhu_2','The lives of four middle-class individuals, Sairam, Gayathri, Abhiram and Mahitha, collide as they pursue their individual ambitions amidst various challenges.');
insert into MOVIE (id,name, experiences, listing_type, lang, image_name, stills, synopsis) values (6,'Pelli Chupulu', 'RDX, SUB', 'NOW_SHOWING',3,'pelli-chupulu','pelli-chupulu_1,pelli-chupulu_2','Vijays father, who is fed up with Vijays carefree life, decides to make him marry a girl in hopes that he might become a responsible man. However, meeting an ambitious girl changes his life for the better.');
insert into MOVIE (id,name, experiences, listing_type, lang, image_name, stills, synopsis) values (7,'Pink', 'RDX, SUB', 'NOW_SHOWING',6,'pink','pink_1,pink_2','After being molested, Minal, along with her friends, tries to file an FIR against a politicians nephew. When the subsequent case gets rigged, Deepak, a retired lawyer, helps them to fight the case.');
insert into MOVIE (id,name, experiences, listing_type, lang, image_name, stills, synopsis) values (8,'Remo', 'Dolby Atmos, RDX, SUB', 'NOW_SHOWING',2,'remo','remo_1,remo_2','An aspiring actor falls in love with Kavya, a doctor. Upon knowing that she is already engaged, he disguises himself as a female nurse with the aim of breaking her engagement.');
insert into MOVIE (id,name, experiences, listing_type, lang, image_name, stills, synopsis) values (9,'Inferno', 'Dolby Atmos, RDX, SUB', 'NOW_SHOWING',1,'inferno','inferno_1,inferno_2','Famous symbologist Robert Langdon (Tom Hanks) follows a trail of clues tied to Dante, the great medieval poet. When Langdon wakes up in an Italian hospital with amnesia, he teams up with Sienna Brooks (Felicity Jones), a doctor he hopes will help him recover his memories. Together, they race across Europe and against the clock to stop a madman (Ben Foster) from unleashing a virus that could wipe out half of the worlds population.');
insert into MOVIE (id,name, experiences, listing_type, lang, image_name, stills, synopsis) values (10,'Iron Man 1', 'RDX, Dolby Atmos, SUB', 'NOW_SHOWING', 1, 'ironman1', 'ironman1_1, ironman1_2',
                    'When an industrialist is captured, he constructs a high-tech armoured suit to escape. Once he manages to escape, he decides to use his suit to fight against evil forces and save the world.');
insert into MOVIE (id,name, experiences, listing_type, lang, image_name, stills, synopsis) values (11,'Iron Man 2', 'RDX, Dolby Atmos, SUB', 'NOW_SHOWING', 1, 'ironman2', 'ironman2_2, ironman2_2',
                    'Tony Stark is under pressure from various sources, including the government, to share his technology with the world. He must find a way to fight them while also tackling his other enemies.');
insert into MOVIE (id,name, experiences, listing_type, lang, image_name, stills, synopsis) values (12,'Iron Man 3', 'RDX, Dolby Atmos, SUB', 'NOW_SHOWING', 1, 'ironman3', 'ironman3_1, ironman3_2',
                    'Tony Stark encounters a formidable foe called the Mandarin. After failing to defeat his enemy, he embarks on a journey with relentless consequences and a suit that ceases to exist.');
insert into MOVIE (id,name, experiences, listing_type, lang, image_name, stills, synopsis) values (13,'Avengers', 'RDX, Dolby Atmos, SUB', 'NOW_SHOWING', 1, 'avengers', 'avengers_1, avengers_2',
                    'In the film, Nick Fury, director of the spy agency S.H.I.E.L.D., recruits Tony Stark, Steve Rogers, Bruce Banner, and Thor to form a team that must stop Thors brother Loki from subjugating Earth.');
insert into MOVIE (id,name, experiences, listing_type, lang, image_name, stills, synopsis) values (14,'Thor', 'RDX, Dolby Atmos, SUB', 'NOW_SHOWING', 1, 'thor', 'thor_1, thor_2',
                    'Thor is exiled by his father Odin, the King of Asgard, to the Earth to live among mortals. When he lands on Earth, his trusted weapon Mjolnir is discovered and captured by S.H.I.E.L.D.');
insert into MOVIE (id,name, experiences, listing_type, lang, image_name, stills, synopsis) values (15,'Age of Ultron', 'RDX, Dolby Atmos, SUB', 'NOW_SHOWING', 1, 'ageofultron', 'ageofultron_1, ageofultron_2',
                    'Tony Stark builds an artificial intelligence system named Ultron with the help of Bruce Banner. When the sentient Ultron makes plans to wipe out the human race, the Avengers set out to stop him.');



INSERT INTO SHOW(DATE, TIME, MOVIE_ID, SCREEN_ID) VALUES ('2019-02-14', '09:00:00', 1, 1);
INSERT INTO SHOW(DATE, TIME, MOVIE_ID, SCREEN_ID) VALUES ('2019-02-14', '12:00:00', 2, 2);
INSERT INTO SHOW(DATE, TIME, MOVIE_ID, SCREEN_ID) VALUES ('2019-02-14', '20:00:00', 3, 3);
INSERT INTO SHOW(DATE, TIME, MOVIE_ID, SCREEN_ID) VALUES ('2019-02-15', '01:00:00', 4, 4);
INSERT INTO SHOW(DATE, TIME, MOVIE_ID, SCREEN_ID) VALUES ('2019-02-15', '09:00:00', 5, 5);
INSERT INTO SHOW(DATE, TIME, MOVIE_ID, SCREEN_ID) VALUES ('2019-02-15', '12:00:00', 6, 6);
INSERT INTO SHOW(DATE, TIME, MOVIE_ID, SCREEN_ID) VALUES ('2019-03-14', '03:00:00', 7, 7);
INSERT INTO SHOW(DATE, TIME, MOVIE_ID, SCREEN_ID) VALUES ('2019-03-14', '04:00:00', 1, 8);
INSERT INTO SHOW(DATE, TIME, MOVIE_ID, SCREEN_ID) VALUES ('2019-03-14', '06:00:00', 2, 1);
INSERT INTO SHOW(DATE, TIME, MOVIE_ID, SCREEN_ID) VALUES ('2019-02-24', '09:00:00', 3, 2);
INSERT INTO SHOW(DATE, TIME, MOVIE_ID, SCREEN_ID) VALUES ('2019-02-25', '08:00:00', 4, 3);
INSERT INTO SHOW(DATE, TIME, MOVIE_ID, SCREEN_ID) VALUES ('2019-02-26', '10:00:00', 5, 4);
INSERT INTO SHOW(DATE, TIME, MOVIE_ID, SCREEN_ID) VALUES ('2019-02-23', '19:00:00', 6, 5);
INSERT INTO SHOW(DATE, TIME, MOVIE_ID, SCREEN_ID) VALUES ('2019-04-14', '23:00:00', 7, 6);
INSERT INTO SHOW(DATE, TIME, MOVIE_ID, SCREEN_ID) VALUES ('2019-03-01', '18:00:00', 1, 7);
INSERT INTO SHOW(DATE, TIME, MOVIE_ID, SCREEN_ID) VALUES ('2019-02-02', '13:00:00', 3, 8);
INSERT INTO SHOW(DATE, TIME, MOVIE_ID, SCREEN_ID) VALUES ('2019-02-23', '09:00:00', 4, 1);